0.696152091,0.72094053,0.717098713,0.834119081,0.664569914,1,0.795489669,0.486048341,0.73568064,0.667193532,0.703512788,0.650893152,0.81450963,0.672121048,0.752548754,0.355273634,0.649671257,0.551790118,0.794086635,0.728863239,0.756290972,0.714959204,0.638628364,0.660162926,0.581874251,0.621225595,0.765317023,0.677166581,0.720267534,0.470788836,0.534751296,0.810515463,0.777982712,0.70803833,0.562500358,0.860721648,0.561499417,0.636751175,0.233483493,0.459973514,0.651811063,0.77840817,0.844517887,0.765758693,0.722958446,0.802688956,0.802768886,0.439276099,0.451440811,0.749011636,0.636355758,0.623982728,0.719741106,0.556047082,0.416919082,0.49580729,0.85930407,0.676196098,0.422917664,0.445193768,0.800363481,0.715593338,0.459551156,0.410250723,0.407908767,0.189437985,0.765363753,0.627015054,0.863592446,0.737720788,0.256752342,0.823689282,0.677967668,0.644899845,0.48688224,0.646473289,0.83342123,0.910133541,0.657629848,0.310343593,0.778050542,0.461941332,0.509903729,0.472694635,0.795336723,0.764448404,0.464367568,0.803781509,0.672921836,0.504480422,0.674521923,0.917757392,0.548028946,0.542178929,0.63091141,0.482365757,0.594421446,0.957049429,0.664067566,0.714161515
1,1,1,1,1,1,1,1,1,1,1,1,1,1,1,1,1,1,1,1,1,1,1,1,1,1,1,1,1,1,1,1,1,1,1,1,1,1,1,1,1,1,1,1,1,1,1,1,1,1,1,1,1,1,1,1,1,1,1,1,1,1,1,1,1,1,1,1,1,1,1,1,1,1,1,1,1,1,1,1,1,1,1,1,1,1,1,1,1,1,1,1,1,1,1,1,1,1,1,1
0.435911655,0.451733828,0.497896492,0.562079608,0.411749572,0.570403874,0.478018671,0.319803059,0.473619252,0.430297524,0.421749234,0.392680556,0.520450532,0.403668821,0.452356488,0.228299588,0.367214411,0.372673213,0.442862391,0.451637864,0.438879937,0.473225534,0.385157377,0.47293517,0.367124319,0.409143865,0.480919242,0.432600528,0.417139649,0.33635956,0.384621173,0.50684309,0.508361816,0.398547292,0.387552679,0.490459353,0.386781871,0.425320566,0.165915936,0.287528723,0.418055922,0.464934975,0.524741054,0.476696461,0.447955072,0.460203201,0.530010581,0.278031915,0.303461522,0.454777479,0.442545861,0.387221605,0.496425748,0.369272768,0.289900392,0.344463885,0.583407879,0.406039864,0.320971429,0.296040744,0.491085172,0.438644707,0.332940161,0.304394126,0.263484269,0.12155389,0.479016632,0.38917321,0.504247129,0.458728939,0.180370003,0.472470999,0.435447186,0.4515782,0.303525507,0.388536423,0.480567575,0.527998865,0.395937741,0.205214396,0.467050642,0.324947745,0.345208108,0.345977604,0.497310162,0.448723525,0.252390802,0.520285308,0.366664082,0.307819515,0.453465968,0.544024527,0.329839766,0.385810733,0.400179982,0.377374023,0.407412827,0.580766439,0.467071861,0.464584112
1,1,1,1,1,1,1,1,1,1,1,1,1,1,1,1,1,1,1,1,1,1,1,1,1,1,1,1,1,1,1,1,1,1,1,1,1,1,1,1,1,1,1,1,1,1,1,1,1,1,1,1,1,1,1,1,1,1,1,1,1,1,1,1,1,1,1,1,1,1,1,1,1,1,1,1,1,1,1,1,1,1,1,1,1,1,1,1,1,1,1,1,1,1,1,1,1,1,1,1
0.307410598,0.323785543,0.349878401,0.399277568,0.298850149,0.430402249,0.327921122,0.257966638,0.357305527,0.298197836,0.345951945,0.280050039,0.367930502,0.277065039,0.353483319,0.174842894,0.282899648,0.258918613,0.319037944,0.327271551,0.331453174,0.345875859,0.258352935,0.327471793,0.26207453,0.307289004,0.331398487,0.303019702,0.291505337,0.266511261,0.260045975,0.325210899,0.348548859,0.283557802,0.280559897,0.329605371,0.301336318,0.315883517,0.109537706,0.199305534,0.346992671,0.322116852,0.360712647,0.386263222,0.309837133,0.358787626,0.371806145,0.205738649,0.228661522,0.331973732,0.300428092,0.285744548,0.338957906,0.273348927,0.220884308,0.253355056,0.392033905,0.310365915,0.246595472,0.222677901,0.327638924,0.32225877,0.231916502,0.199653104,0.192675784,0.088863276,0.322976589,0.288964838,0.345038295,0.341684788,0.11906644,0.363730818,0.296149373,0.36226052,0.216340631,0.293209165,0.345909089,0.377346784,0.292975426,0.155950814,0.33899045,0.254541725,0.279871613,0.265082151,0.344191074,0.341294587,0.200823486,0.332523793,0.262154251,0.227827862,0.327604741,0.381738752,0.241774499,0.277752399,0.287123531,0.265331626,0.288726687,0.4418118,0.322366446,0.381032348
1,1,1,1,1,1,1,1,1,1,1,1,1,1,1,1,1,1,1,1,1,1,1,1,1,1,1,1,1,1,1,1,1,1,1,1,1,1,1,1,1,1,1,1,1,1,1,1,1,1,1,1,1,1,1,1,1,1,1,1,1,1,1,1,1,1,1,1,1,1,1,1,1,1,1,1,1,1,1,1,1,1,1,1,1,1,1,1,1,1,1,1,1,1,1,1,1,1,1,1
0.906896174,0.906588674,1,1,0.905381262,1,0.889074087,0.703116119,0.997405231,0.876709402,1,0.762178957,1,0.855910182,1,0.484743983,0.861347198,0.673974156,0.991638362,0.892922699,1,0.939347386,0.728067815,0.899791658,0.720777988,0.766671956,0.949763894,0.97158581,0.830561101,0.695619941,0.72990495,1,1,0.880685151,0.719085217,0.970868409,0.836259186,0.818391621,0.309265554,0.526197672,0.904782116,0.965321243,1,1,0.869148374,1,1,0.49911055,0.628433466,0.992883921,0.869338572,0.880659163,0.98945564,0.732872605,0.632722557,0.70854938,1,0.92567271,0.670181572,0.582671523,0.960982203,0.975809157,0.649640679,0.561470628,0.541026294,0.228103608,0.882135272,0.827814102,1,1,0.311207175,1,0.900200725,0.983892441,0.670904577,0.920538247,1,1,0.916079342,0.399062216,1,0.647593558,0.85998708,0.725141346,0.928336143,1,0.584148765,0.954835415,0.860952556,0.62715888,0.893054187,1,0.634044528,0.758371294,0.75730592,0.776363194,0.798772693,1,0.953070819,1
1,1,1,1,1,1,1,1,1,1,1,1,1,1,1,1,1,1,1,1,1,1,1,1,1,1,1,1,1,1,1,1,1,1,1,1,1,1,1,1,1,1,1,1,1,1,1,1,1,1,1,1,1,1,1,1,1,1,1,1,1,1,1,1,1,1,1,1,1,1,1,1,1,1,1,1,1,1,1,1,1,1,1,1,1,1,1,1,1,1,1,1,1,1,1,1,1,1,1,1
,,,,,,,,,,,,,,,,,,,,,,,,,,,,,,,,,,,,,,,,,,,,,,,,,,,,,,,,,,,,,,,,,,,,,,,,,,,,,,,,,,,,,,,,,,,,,,,,,,,
1,1,0.007376019,0.776662886,0.07909064,0.094634622,1,1,1,1,0.217160791,0.882076919,1,0.366008729,1,1,1,1,1,1,0.103955857,1,0.099636175,0.166612864,0.014097911,1,1,0.018657777,1,0.05779741,1,0.019079439,1,1,0.055536531,0.580149591,1,1,0.583945096,0.026371168,0.018948525,1,0.013799128,1,0.322936177,1,0.017447738,0.051466603,0.019453986,0.393727869,1,1,1,0.09144789,1,0.702478588,1,1,0.022125604,1,1,0.04199278,1,1,1,1,1,0.041032035,0.021182662,0.028664598,1,1,1,0.601547956,1,1,1,1,0.024475934,0.15891172,0.197396278,1,0.605982244,0.289760649,0.043521963,0.04194691,1,0.312662303,1,0.34979248,1,1,0.017897198,0.351381451,1,0.051541381,0.082773969,0.01851551,0.010913391,1
1,1,0.036968872,1,0.332900435,0.892471552,1,1,1,1,1,1,1,1,1,1,1,1,1,1,0.652445734,1,0.511585236,1,0.056171019,1,1,0.124708675,1,0.513502836,1,0.090078503,1,1,0.355086207,1,1,1,1,0.136710152,0.083705716,1,0.109810449,1,1,1,0.208470508,0.241623208,0.088199608,1,1,1,1,0.585002601,1,1,1,1,0.091108203,1,1,0.315131456,1,1,1,1,1,0.495590687,0.083153471,0.101220757,1,1,1,1,1,1,1,1,0.100031987,0.596183896,1,1,1,1,0.250984401,0.167593539,1,1,1,1,1,1,0.1230058,1,1,0.252587527,0.292882651,0.065988533,0.052872475,1
0.980291486,1,0.005014147,0.538214862,0.045832038,0.069590859,1,1,1,1,0.136167407,0.536309183,1,0.211438119,1,1,1,1,1,1,0.069618508,1,0.071316339,0.13866289,0.008986354,1,1,0.01292247,1,0.042062499,0.931414127,0.010722849,1,1,0.033101279,0.449046105,1,1,0.422004133,0.015958058,0.012028419,1,0.009413748,1,0.223509565,1,0.015033084,0.036286898,0.012226474,0.218247429,1,1,1,0.064476892,1,0.432749152,1,1,0.013930337,1,0.596532166,0.025179619,1,0.646711826,1,1,1,0.029609308,0.013204198,0.018085336,1,1,1,0.323015153,1,1,1,1,0.015651042,0.086941853,0.131204724,1,0.40339458,0.193591356,0.031099917,0.028428774,1,0.232585162,1,0.21086897,1,1,0.013507253,0.255456358,1,0.030298341,0.044651724,0.011131161,0.007202375,1
1,1,0.196356162,1,1,1,1,1,1,1,1,1,1,1,1,1,1,1,1,1,1,1,1,1,0.261147887,1,1,0.593460798,1,1,1,0.372422338,1,1,1,1,1,1,1,0.560717344,0.320767671,1,0.418725342,1,1,1,0.845111847,1,0.42440322,1,1,1,1,1,1,1,1,1,0.362713069,1,1,1,1,1,1,1,1,1,0.388538092,0.409715325,1,1,1,1,1,1,1,1,0.440956354,1,1,1,1,1,0.92522347,0.873512983,1,1,1,1,1,1,0.496822357,1,1,0.96439296,1,0.285325259,0.235582829,1
0.832089365,1,0.004356992,0.371747255,0.047054823,0.050390977,1,1,1,1,0.123156108,0.557638228,1,0.214756519,1,1,1,1,1,1,0.060261078,1,0.059990846,0.129288673,0.009730787,1,1,0.010212581,1,0.037916604,0.752432466,0.009598092,1,1,0.028277809,0.333780169,0.858312845,1,0.389769197,0.014179263,0.012034085,1,0.008347459,1,0.216799155,1,0.012841279,0.03239106,0.011529219,0.221082255,1,1,1,0.052020539,1,0.370694846,1,1,0.015836636,1,0.504677892,0.024282658,1,0.716827691,0.981089652,1,1,0.024130747,0.011787555,0.021881986,1,1,1,0.357231438,1,1,1,1,0.015849741,0.083527014,0.121675938,1,0.263580441,0.159529924,0.027118046,0.02682801,1,0.203481331,1,0.185312867,1,1,0.011257416,0.232262701,1,0.031123083,0.046221983,0.010731515,0.006604075,1
1,1,0.955304801,1,1,1,1,1,1,1,1,1,1,1,1,1,1,1,1,1,1,1,1,1,1,1,1,1,1,1,1,1,1,1,1,1,1,1,1,1,1,1,1,1,1,1,1,1,1,1,1,1,1,1,1,1,1,1,1,1,1,1,1,1,1,1,1,1,1,1,1,1,1,1,1,1,1,1,1,1,1,1,1,1,1,1,1,1,1,1,1,1,1,1,1,1,1,1,0.935011208,1
1,1,0.065409683,1,0.249853581,0.564011037,1,1,1,1,0.948049903,1,1,1,1,1,1,1,1,1,0.608812153,1,0.469760805,0.249502897,0.068261087,1,0.190658286,0.141378984,1,0.143831521,1,0.068541341,1,1,0.289213151,1,1,1,1,0.075862572,0.083049871,1,0.063680813,1,1,1,0.098190829,0.127811536,0.081074677,0.938491404,1,1,1,0.439150006,1,1,1,1,0.070408627,1,1,0.149394631,1,1,1,1,1,0.089544155,0.065523729,0.068734273,1,1,1,1,1,1,1,1,0.06600602,0.380629808,0.574750781,1,0.370152771,0.490035146,0.067515559,0.065856352,1,1,1,0.983976245,1,1,0.094407983,0.853117347,1,0.158248305,0.246703714,0.087435871,0.06502419,1
1,1,0.727775216,1,1,1,1,1,1,1,1,1,1,1,1,1,1,1,1,1,1,1,1,1,0.750937819,1,1,1,1,1,1,0.767891645,1,1,1,1,1,1,1,0.843582153,0.891041696,1,0.714538813,1,1,1,1,1,0.898198605,1,1,1,1,1,1,1,1,1,0.780698836,1,1,1,1,1,1,1,1,1,0.728552938,0.754393458,1,1,1,1,1,1,1,1,0.73109597,1,1,1,1,1,0.750309646,0.732886732,1,1,1,1,1,1,1,1,1,1,1,0.955903351,0.715511918,1
,,,,,,,,,,,,,,,,,,,,,,,,,,,,,,,,,,,,,,,,,,,,,,,,,,,,,,,,,,,,,,,,,,,,,,,,,,,,,,,,,,,,,,,,,,,,,,,,,,,
1,0.159676448,1,1,0.416486144,0.015829943,1,1,1,0.012423737,1,1,0.10703297,1,1,1,1,1,1,0.854137719,0.010950902,1,1,1,1,1,1,0.141353101,1,0.201386154,1,1,0.088408835,1,0.894224107,0.00706038,0.307477683,1,0.007498818,1,0.031689584,1,0.040812589,0.014234278,0.029636698,1,1,0.337550104,1,1,1,1,1,1,1,1,0.010454874,1,0.771739662,1,0.124151483,1,1,0.042445052,1,1,0.341219157,0.016580934,1,1,1,0.111643136,0.011638488,1,1,1,0.023547633,0.01418445,0.073231407,1,1,1,1,1,0.003487957,1,1,1,0.011050912,0.022171361,0.241897762,1,0.185438052,1,1,0.418782473,1,0.721729577,0.021054985,0.148254588
1,0.507669985,1,1,1,0.082271367,1,1,1,0.053358655,1,1,0.711214662,1,1,1,1,1,1,1,0.055278972,1,1,1,1,1,1,0.485495955,1,1,1,1,0.417707115,1,1,0.027626399,1,1,0.044063747,1,0.17106317,1,0.267197818,0.071139894,0.156007141,1,1,1,1,1,1,1,1,1,1,1,0.037410889,1,1,1,0.401697725,1,1,0.292793363,1,1,1,0.060068738,1,1,1,0.43186608,0.039072294,1,1,1,0.137910873,0.059034728,0.398942232,1,1,1,1,1,0.020986,1,1,1,0.060974535,0.133647174,0.901125729,1,0.773742557,1,1,1,1,1,0.08603695,0.549759448
1,0.108896561,1,1,0.302799255,0.01139531,1,1,1,0.008835669,1,1,0.087528169,1,1,1,1,1,1,0.697409034,0.007563649,1,1,1,1,1,1,0.099191755,1,0.133513406,1,1,0.06746719,1,0.642008543,0.005762604,0.196569383,1,0.005342883,1,0.022963813,1,0.027643902,0.01086373,0.021470802,1,1,0.217710122,1,1,1,1,1,1,1,1,0.008467327,1,0.582505822,1,0.09707582,1,1,0.026404751,1,1,0.242707744,0.010735604,1,1,1,0.079599135,0.008538311,1,1,1,0.018998923,0.010154492,0.054258302,1,1,1,1,1,0.002637314,1,1,1,0.008693994,0.01446532,0.158238471,1,0.139083371,1,1,0.294434011,1,0.485109746,0.01264804,0.111316778
1,1,1,1,1,0.619349658,1,1,1,0.372560173,1,1,1,1,1,1,1,1,1,1,0.292125255,1,1,1,1,1,1,1,1,1,1,1,1,1,1,0.180532217,1,1,0.243942469,1,1,1,1,0.497173458,0.789708793,1,1,1,1,1,1,1,1,1,1,1,0.294037521,1,1,1,1,1,1,1,1,1,1,0.337303847,1,1,1,1,0.266623676,1,1,1,0.755284786,0.349560171,1,1,1,1,1,1,0.165249377,1,1,1,0.287717968,0.67632699,1,1,1,1,1,1,1,1,0.353815854,1
1,0.106335782,1,1,0.288200349,0.009465665,1,1,1,0.007532802,1,1,0.069552332,1,1,1,1,1,1,0.88649416,0.008686587,1,1,1,1,1,1,0.098812431,1,0.109795026,1,1,0.063351691,1,0.691348433,0.005784631,0.18095988,1,0.004844523,1,0.022333331,1,0.02127767,0.010190847,0.02138829,1,1,0.24010244,1,1,1,1,1,1,1,1,0.009331116,1,0.664379299,1,0.094322979,1,1,0.032055143,1,1,0.212076783,0.011306779,1,1,1,0.082686074,0.010107689,1,1,1,0.021936778,0.010698715,0.053392056,1,1,1,1,1,0.00283176,1,1,1,0.008669015,0.014891318,0.165652007,1,0.143382907,1,1,0.318361253,1,0.494993657,0.016237976,0.115790427
1,1,1,1,1,1,1,1,1,1,1,1,1,1,1,1,1,1,1,1,1,1,1,1,1,1,1,1,1,1,1,1,1,1,1,0.851935029,1,1,1,1,1,1,1,1,1,1,1,1,1,1,1,1,1,1,1,1,1,1,1,1,1,1,1,1,1,1,1,1,1,1,1,1,1,1,1,1,1,1,1,1,1,1,1,1,0.998803496,1,1,1,1,1,1,1,1,1,1,1,1,1,1,1
1,0.264277875,1,1,1,0.069164872,1,1,1,0.072539635,1,1,0.52901262,1,1,1,1,1,1,1,0.065081112,1,1,1,1,1,1,0.466174781,1,0.066962786,1,1,0.219090983,1,1,0.070205912,0.340389162,1,0.062847964,1,0.250003487,1,0.063377082,0.063837454,0.088289626,1,1,0.558624566,1,1,1,1,1,1,1,1,0.063484237,1,1,1,0.891547441,1,1,0.180481017,1,1,1,0.070078939,1,1,1,0.477884799,0.115367979,1,1,1,0.220614389,0.078642674,0.428660929,1,1,1,1,1,0.072688371,1,1,1,0.064427637,0.065891467,0.47483775,1,0.793023765,1,1,1,1,1,0.173584312,0.590136647
1,1,1,1,1,0.778514564,1,1,1,0.810824811,1,1,1,1,1,1,1,1,1,1,0.729037762,1,1,1,1,1,1,1,1,0.757116854,1,1,1,1,1,0.776349366,1,1,0.707128763,1,1,1,0.709788382,0.71058625,0.990588903,1,1,1,1,1,1,1,1,1,1,1,0.709947884,1,1,1,1,1,1,1,1,1,1,0.787357748,1,1,1,1,1,1,1,1,1,0.880859375,1,1,1,1,1,1,0.818037331,1,1,1,0.725176036,0.743571162,1,1,1,1,1,1,1,1,1,1
,,,,,,,,,,,,,,,,,,,,,,,,,,,,,,,,,,,,,,,,,,,,,,,,,,,,,,,,,,,,,,,,,,,,,,,,,,,,,,,,,,,,,,,,,,,,,,,,,,,
0.054782808,1,1,1,1,1,0.319021165,1,1,0.009485825,1,0.008319022,1,1,1,0.912670374,1,0.059746224,0.011464114,1,1,1,1,0.13031131,1,1,1,1,0.071942076,1,1,1,1,1,0.075291716,1,1,1,1,1,0.135713518,1,0.113990605,1,0.426958531,1,1,1,0.378983855,1,1,0.17847164,0.01702825,1,1,1,1,1,0.684156358,0.075160772,0.128657699,1,1,0.014903711,1,1,1,1,0.044825353,1,0.006096933,0.181486279,0.011472872,1,1,0.086899787,0.045774911,1,0.011780218,0.083650075,1,1,1,1,1,0.046401307,0.026689844,1,1,0.081741519,1,1,1,1,1,0.10731753,1,1,0.596853375,1
0.220553622,1,1,1,1,1,1,1,1,0.064833164,1,0.03732539,1,1,1,1,1,0.242212713,0.055914685,1,1,1,1,0.73914516,1,1,1,1,0.357493907,1,1,1,1,1,0.365618289,1,1,1,1,1,0.988707542,1,0.48410064,1,1,1,1,1,1,1,1,0.785683155,0.04964155,1,1,1,1,1,1,0.355275661,0.559606791,1,1,0.063040636,1,1,1,1,0.223163888,1,0.049271956,0.836199522,0.0367232,1,1,0.340696096,0.191076159,1,0.044183824,0.316132128,1,1,1,1,1,0.267373145,0.119266003,1,1,0.318002552,1,1,1,1,1,0.385308653,1,1,1,1
0.036664944,1,1,1,1,1,0.223431796,1,1,0.006904811,1,0.007364762,1,1,1,0.623973608,1,0.047330566,0.007780319,1,1,1,1,0.098029047,1,1,1,1,0.049065273,1,1,1,1,1,0.058181416,1,1,1,1,1,0.095760398,1,0.062511392,1,0.378023684,1,1,1,0.267080069,1,0.830305159,0.120836414,0.011865097,1,1,1,1,1,0.513976514,0.059691358,0.094598778,1,1,0.011147469,1,1,1,1,0.030910861,1,0.004565712,0.134996325,0.007370512,1,1,0.063311972,0.031970475,1,0.007648897,0.063265353,1,1,1,1,1,0.029829068,0.018142778,1,1,0.051041178,1,1,1,1,1,0.080340385,1,1,0.484299004,1
1,1,1,1,1,1,1,1,1,0.517218649,1,0.306534708,1,1,1,1,1,1,0.416886687,1,1,1,1,1,1,1,1,1,1,1,1,1,1,1,1,1,1,1,1,1,1,1,1,1,1,1,1,1,1,1,1,1,0.364913911,1,1,1,1,1,1,1,1,1,1,0.441484898,1,1,1,1,1,1,0.296274781,1,0.270847738,1,1,1,1,1,0.346920341,1,1,1,1,1,1,1,0.797485292,1,1,1,1,1,1,1,1,1,1,1,1,1
0.04434884,1,1,1,1,1,0.221321449,1,1,0.006666398,1,0.007857153,1,1,1,0.794034064,1,0.04960883,0.008089731,1,1,1,1,0.091812044,1,1,1,1,0.052890401,1,1,1,1,1,0.061316777,1,1,1,1,1,0.094206721,1,0.073295332,1,0.412975967,1,1,1,0.284793526,1,0.942803442,0.135239869,0.015039518,1,1,1,1,1,0.544292271,0.05216546,0.09863703,1,1,0.010133229,1,1,1,1,0.034266341,1,0.004600149,0.114582941,0.008135953,1,1,0.068648189,0.040281355,1,0.008233668,0.069319136,1,1,1,1,1,0.027117623,0.018572371,1,1,0.059997749,1,1,1,1,1,0.087736614,1,1,0.47743395,1
1,1,1,1,1,1,1,1,1,1,1,1,1,1,1,1,1,1,1,1,1,1,1,1,1,1,1,1,1,1,1,1,1,1,1,1,1,1,1,1,1,1,1,1,1,1,1,1,1,1,1,1,1,1,1,1,1,1,1,1,1,1,1,1,1,1,1,1,1,1,1,1,1,1,1,1,1,1,1,1,1,1,1,1,1,1,1,1,1,1,1,1,1,1,1,1,1,1,1,1
0.168628499,1,1,1,1,1,0.065945655,1,1,0.087055221,1,0.125237212,1,1,1,1,1,0.121283792,0.074073114,1,1,1,1,0.066338077,0.066825472,1,1,1,0.699943721,1,1,1,1,1,0.709084153,1,0.853209734,1,1,1,0.104050018,1,1,1,1,1,1,1,0.065011382,0.152793169,1,1,0.06328626,1,1,1,0.622076869,1,1,0.712585032,1,1,1,0.081404604,1,1,1,1,0.189324528,1,0.082185313,1,0.069628417,1,1,0.063807338,0.112662025,1,0.114533745,0.062735066,1,1,1,1,1,0.540115416,0.071564995,1,1,1,1,1,1,1,0.062704869,0.102559842,1,1,0.236591175,1
1,1,1,1,1,1,0.745929062,1,1,0.979083002,1,1,1,1,1,1,1,1,0.836003661,1,1,1,1,0.749106586,0.756035805,1,1,1,1,1,1,1,1,1,1,1,1,1,1,1,1,1,1,1,1,1,1,1,0.735491633,1,1,1,0.712052107,1,1,1,1,1,1,1,1,1,1,0.915191531,1,1,1,1,1,1,0.924562573,1,0.785447955,1,1,0.720921159,1,1,1,0.709291399,1,1,1,1,1,1,0.807754159,1,1,1,1,1,1,1,0.709424138,1,1,1,1,1
,,,,,,,,,,,,,,,,,,,,,,,,,,,,,,,,,,,,,,,,,,,,,,,,,,,,,,,,,,,,,,,,,,,,,,,,,,,,,,,,,,,,,,,,,,,,,,,,,,,
1,1,0.102284059,1,1,0.466292739,1,0.297519714,1,0.10994447,0.149397671,1,1,1,1,0.04843108,0.030742889,0.108611099,1,0.012264886,0.042851295,1,0.601122737,1,0.039372183,1,0.066252232,1,1,1,0.781853318,0.574384689,0.130817384,1,1,0.079543762,0.009113027,1,0.005101272,0.010433448,1,1,1,1,1,0.132037789,0.303850293,0.477966845,0.159366921,1,1,0.012230505,1,1,1,0.00391137,1,0.079010136,1,1,1,0.051945433,0.011724575,0.54864943,0.51594609,0.0945182,0.054307442,1,0.165836051,1,1,0.614916444,0.128641918,0.780796528,1,1,0.03251344,1,1,1,0.040929716,0.07520543,0.019100843,1,1,0.00516696,1,1,1,1,1,1,1,1,1,1,0.030968616,1,0.011742911,0.017565282
1,1,0.487629831,1,1,1,1,1,1,0.71630913,0.761846066,1,1,1,1,0.200623184,0.129919916,0.794890583,1,0.049585104,0.177548885,1,1,1,0.215492576,1,0.394213855,1,1,1,1,1,0.664462924,1,1,0.858085811,0.057916321,1,0.036203343,0.076496363,1,1,1,1,1,0.552756131,1,1,0.635604739,1,1,0.137545198,1,1,1,0.021097353,1,0.425450861,1,1,1,0.254493773,0.203510091,1,1,0.721012712,0.198961332,1,0.594829261,1,1,1,0.763607025,1,1,1,0.11050649,1,1,1,0.213896513,0.354401618,0.05962766,1,1,0.036658227,1,1,1,1,1,1,1,1,1,1,0.133603901,1,0.040900812,0.063969992
1,1,0.075946793,1,1,0.353687555,1,0.245533615,1,0.077829428,0.110965706,1,1,1,1,0.043241967,0.023293898,0.082356803,1,0.008409798,0.028915348,1,0.465919375,1,0.026347989,1,0.049657036,1,1,1,0.533714592,0.346621156,0.094964318,1,1,0.063277349,0.007865481,0.855252028,0.003636516,0.008899793,1,0.765494585,1,1,1,0.085292704,0.245667428,0.362720519,0.111933902,1,1,0.0088583,1,0.683030486,1,0.003086141,1,0.068396255,1,1,1,0.036330342,0.010149416,0.421533346,0.365392059,0.079618327,0.033881724,1,0.124603771,1,1,0.482239336,0.079795897,0.462838799,1,1,0.025566172,1,1,1,0.033691712,0.050534483,0.012251003,1,1,0.004772899,1,1,1,1,1,1,1,1,1,1,0.020137617,1,0.008137596,0.011826188
1,1,1,1,1,1,1,1,1,1,1,1,1,1,1,1,1,1,1,0.403138369,1,1,1,1,1,1,1,1,1,1,1,1,1,1,1,1,0.397606522,1,0.292419672,0.651394308,1,1,1,1,1,1,1,1,1,1,1,0.927386343,1,1,1,0.161132067,1,1,1,1,1,1,1,1,1,1,1,1,1,1,1,1,1,1,1,1,0.920940936,1,1,1,1,1,0.45379734,1,1,0.370274097,1,1,1,1,1,1,1,1,1,1,1,1,0.356372714,0.530099392
1,1,0.091124408,1,1,0.359947711,1,0.242092192,1,0.072529934,0.121197984,1,1,1,1,0.045211725,0.025968863,0.081830293,1,0.009921517,0.037906229,1,0.408049941,1,0.036518019,1,0.047317445,1,1,1,0.605794489,0.459170163,0.100813709,1,1,0.054286066,0.007098234,1,0.003747728,0.008233402,1,0.838075697,1,1,1,0.097804181,0.237842202,0.297311246,0.116782896,1,1,0.007497152,1,0.899856687,1,0.003184534,1,0.060672298,1,1,1,0.046941575,0.008652208,0.477136314,0.412815839,0.07299114,0.039065517,1,0.109409265,1,1,0.461613178,0.078678161,0.45280543,1,1,0.02743003,1,1,1,0.032369427,0.058054868,0.015826786,1,1,0.004575633,1,1,1,1,1,1,1,1,1,1,0.021622365,1,0.007407655,0.012677707
1,1,1,1,1,1,1,1,1,1,1,1,1,1,1,1,1,1,1,1,1,1,1,1,1,1,1,1,1,1,1,1,1,1,1,1,1,1,1,1,1,1,1,1,1,1,1,1,1,1,1,1,1,1,1,1,1,1,1,1,1,1,1,1,1,1,1,1,1,1,1,1,1,1,1,1,1,1,1,1,1,1,1,1,1,1,1,1,1,1,1,1,1,1,1,1,1,1,1,1
1,1,1,1,1,1,1,1,1,0.206895605,0.438321203,1,1,1,1,0.127612546,0.231019437,0.842455804,1,0.100334182,0.062575638,1,0.588473856,1,0.078797489,1,1,1,1,1,1,1,1,1,1,1,0.063305981,0.53330332,0.069820322,0.090105318,1,1,1,1,1,1,0.254867435,0.440787792,1,1,1,0.062849015,1,1,1,0.064034075,1,0.3703821,0.082224675,1,1,0.60692358,0.07316605,1,1,0.206813976,0.06257493,1,1,1,1,1,0.07275556,0.147983998,1,1,0.079964325,1,1,1,0.148300782,0.066624157,0.220277339,1,1,0.067268409,1,1,1,1,1,1,1,1,1,1,0.082226664,1,0.100149147,0.062867709
1,1,1,1,1,1,1,1,1,1,1,1,1,1,1,1,1,1,1,1,0.707310617,1,1,1,0.890641809,1,1,1,1,1,1,1,1,1,1,1,0.712303162,1,0.78672713,1,1,1,1,1,1,1,1,1,1,1,1,0.710785627,1,1,1,0.718634367,1,1,0.930240691,1,1,1,0.8252635,1,1,1,0.707388401,1,1,1,1,1,0.822828889,1,1,1,0.903406858,1,1,1,1,0.753430247,1,1,1,0.758803546,1,1,1,1,1,1,1,1,1,1,0.924948215,1,1,0.707855463
,,,,,,,,,,,,,,,,,,,,,,,,,,,,,,,,,,,,,,,,,,,,,,,,,,,,,,,,,,,,,,,,,,,,,,,,,,,,,,,,,,,,,,,,,,,,,,,,,,,
1,1,1,1,1,0.228964478,0.228045151,0.608477652,1,1,1,1,1,1,0.671205819,1,1,1,1,0.473176867,1,0.369879931,1,0.446955472,1,1,0.005254158,0.363374978,1,1,1,0.002212544,1,0.102347039,1,0.010909647,0.134030774,1,0.010343102,1,1,1,1,1,1,1,1,1,0.048641112,0.008016232,0.262832612,1,0.318765968,0.003710189,0.021103887,1,1,0.011499577,1,1,0.931304932,1,1,1,0.118456915,0.126360014,1,1,1,1,0.013380866,1,1,1,1,0.001849344,0.560965419,1,1,1,1,1,0.049917601,1,1,1,1,1,0.336341739,1,1,0.064207166,0.083269179,1,1,1,1,1,1,0.011532098
1,1,1,1,1,1,0.882971942,1,1,1,1,1,1,1,1,1,1,1,1,1,1,1,1,1,1,1,0.033982012,1,1,1,1,0.008094771,1,0.331391305,1,0.058737844,1,1,0.040273357,1,1,1,1,1,1,1,1,1,0.25578472,0.04251232,1,1,1,0.024103522,0.113767616,1,1,0.051949602,1,1,1,1,1,1,0.6543293,0.764636219,1,1,1,1,0.068291686,1,1,1,1,0.006768696,1,1,1,1,1,1,0.390985966,1,1,1,1,1,1,1,1,0.250507474,0.548094332,1,1,1,1,1,1,0.06146137
1,1,1,1,1,0.186154097,0.153415725,0.438927114,1,1,1,1,1,1,0.460894704,1,1,1,1,0.333263397,1,0.287356704,1,0.309634328,1,1,0.00390447,0.207867607,1,1,1,0.001358314,1,0.06874904,1,0.007161482,0.099056579,1,0.008253385,1,1,1,1,1,1,1,1,1,0.03455307,0.006779829,0.195298374,1,0.196730435,0.00280258,0.01349931,1,1,0.007422085,1,1,0.679984093,1,1,1,0.092075445,0.085588574,1,1,1,1,0.008383376,1,1,1,1,0.001324068,0.332176,1,1,1,1,1,0.037025206,1,1,1,1,1,0.242223874,1,1,0.042575616,0.06120063,1,1,0.851398945,1,1,1,0.009465533
1,1,1,1,1,1,1,1,1,1,1,1,1,1,1,1,1,1,1,1,1,1,1,1,1,1,0.337029964,1,1,1,1,0.078094542,1,1,1,0.552200675,1,1,0.348651826,1,1,1,1,1,1,1,1,1,1,0.369959295,1,1,1,0.211285815,0.885528505,1,1,0.459047884,1,1,1,1,1,1,1,1,1,1,1,1,0.610444129,1,1,1,1,0.066193752,1,1,1,1,1,1,1,1,1,1,1,1,1,1,1,1,1,1,1,1,1,1,1,0.631476402
1,1,1,1,1,0.16399847,0.179758474,0.452534378,1,1,1,1,1,1,0.501185119,1,1,1,1,0.343466669,1,0.270774335,1,0.356678784,1,1,0.003549834,0.257145315,1,1,1,0.00179682,1,0.078118145,1,0.006651151,0.12499778,1,0.009891121,1,1,1,1,1,1,1,1,1,0.038274452,0.007085643,0.188273475,1,0.199997142,0.003286859,0.014037221,1,1,0.009821001,1,1,0.731436849,1,1,1,0.09521617,0.097954944,1,1,1,1,0.008185893,1,1,1,1,0.001550362,0.447716802,1,1,1,1,1,0.03497605,1,1,1,1,1,0.251482785,1,1,0.055830501,0.064982213,1,1,0.778986692,1,1,1,0.01021566
1,1,1,1,1,1,1,1,1,1,1,1,1,1,1,1,1,1,1,1,1,1,1,1,1,1,1,1,1,1,1,0.88598156,1,1,1,1,1,1,1,1,1,1,1,1,1,1,1,1,1,1,1,1,1,1,1,1,1,1,1,1,1,1,1,1,1,1,1,1,1,1,1,1,1,1,1,0.620331705,1,1,1,1,1,1,1,1,1,1,1,1,1,1,1,1,1,1,1,1,1,1,1,1
1,0.468441367,1,1,1,0.096749872,0.215903133,1,1,1,1,1,1,1,1,1,1,1,1,1,1,0.082850724,1,1,1,1,0.085711457,1,1,1,1,0.079504438,1,0.064769611,1,0.21867007,0.17134133,1,0.149945885,0.656277478,1,1,1,1,0.069384873,1,1,1,0.088814929,0.135269582,1,1,0.406348646,0.064337142,0.200562626,1,1,0.063237056,0.067656949,1,1,1,1,1,0.072207175,0.250860691,1,1,1,1,0.068151653,0.357521236,1,1,1,0.064993769,1,1,0.846527517,1,1,0.553761899,0.068028666,1,1,1,1,0.370720088,0.247640625,1,1,0.248707071,1,0.069850765,1,0.996926725,1,1,1,0.068398334
1,1,1,1,1,1,1,1,1,1,1,1,1,1,1,1,1,1,1,1,1,0.936981201,1,1,1,1,0.966888309,1,1,1,1,0.891946018,1,0.73234117,1,1,1,1,1,1,1,1,1,1,0.784999669,1,1,1,1,1,1,1,1,0.72516942,1,1,1,0.711279988,0.76544714,1,1,1,1,1,0.816860676,1,1,1,1,1,0.769955158,1,1,1,1,0.729899883,1,1,1,1,1,1,0.76941818,1,1,1,1,1,1,1,1,1,1,0.790266395,1,1,1,1,1,0.772650778
,,,,,,,,,,,,,,,,,,,,,,,,,,,,,,,,,,,,,,,,,,,,,,,,,,,,,,,,,,,,,,,,,,,,,,,,,,,,,,,,,,,,,,,,,,,,,,,,,,,
1,1,1,0.394336432,1,1,1,1,1,1,0.204855755,1,1,0.003219931,1,1,1,1,0.698118389,0.001540113,1,1,1,0.843271434,1,1,1,0.081009835,1,1,1,1,0.016911738,1,1,1,0.001952562,0.00880383,1,1,1,0.004592609,1,1,1,1,1,1,1,1,1,0.112203181,1,1,1,0.005176266,1,1,1,0.007605897,0.005623888,1,0.9278754,1,1,1,1,1,1,1,0.066492096,0.076551266,0.079708919,1,1,0.478768319,1,0.6491763,1,1,1,1,1,1,1,1,1,1,0.023613026,1,1,1,1,1,1,1,1,1,1,0.979429841
1,1,1,1,1,1,1,1,1,1,1,1,1,0.014479483,1,1,1,1,1,0.008530384,1,1,1,1,1,1,1,0.451579809,1,1,1,1,0.048304178,1,1,1,0.014418439,0.033176757,1,1,1,0.022736194,1,1,1,1,1,1,1,1,1,0.700543284,1,1,1,0.039839916,1,1,1,0.033357397,0.029229818,1,1,1,1,1,1,1,1,1,0.217863217,0.24146305,1,1,1,1,1,1,1,1,1,1,1,1,1,1,1,1,0.107333846,1,1,1,1,1,1,1,1,1,1,1
1,1,1,0.265658021,1,1,1,1,1,1,0.133546144,1,1,0.002358404,1,1,1,1,0.50904566,0.000985092,1,1,1,0.714268327,1,1,1,0.055969533,1,1,1,1,0.013187861,0.980699778,1,1,0.001385581,0.007482668,1,1,1,0.004393204,1,1,1,1,1,1,1,1,1,0.074476808,1,1,1,0.003965289,1,1,1,0.005725008,0.004367322,1,0.709075511,1,1,1,1,1,1,0.87538439,0.048211318,0.061884474,0.063247189,1,1,0.361409664,1,0.424188107,1,1,1,1,1,1,1,1,1,1,0.016564678,1,1,1,1,1,1,1,1,1,1,0.643325865
1,1,1,1,1,1,1,1,1,1,1,1,1,0.17135337,1,1,1,1,1,0.081248619,1,1,1,1,1,1,1,1,1,1,1,1,0.610628664,1,1,1,0.129924774,0.351353616,1,1,1,0.230454057,1,1,1,1,1,1,1,1,1,1,1,1,1,0.402510852,1,1,1,0.391935557,0.294343889,1,1,1,1,1,1,1,1,1,1,1,1,1,1,1,1,1,1,1,1,1,1,1,1,1,1,1,1,1,1,1,1,1,1,1,1,1,1,1
1,1,1,0.285013705,1,1,1,1,1,1,0.131176099,1,1,0.00239878,1,1,1,1,0.484664172,0.000985936,1,1,1,0.606039405,1,1,1,0.053198215,1,1,1,1,0.016017295,0.9839077,1,1,0.001427886,0.007440995,1,1,1,0.004566147,1,1,1,1,1,1,1,1,1,0.074163727,1,1,1,0.003056037,1,1,1,0.005371461,0.004296556,1,0.681963027,1,1,1,1,1,1,0.938715875,0.057262424,0.062290922,0.055472985,1,1,0.399057776,1,0.508543789,1,1,1,1,1,1,1,1,1,1,0.019401601,1,1,1,1,1,1,1,1,1,1,0.807649493
1,1,1,1,1,1,1,1,1,1,1,1,1,1,1,1,1,1,1,0.915171683,1,1,1,1,1,1,1,1,1,1,1,1,1,1,1,1,1,1,1,1,1,1,1,1,1,1,1,1,1,1,1,1,1,1,1,1,1,1,1,1,1,1,1,1,1,1,1,1,1,1,1,1,1,1,1,1,1,1,1,1,1,1,1,1,1,1,1,1,1,1,1,1,1,1,1,1,1,1,1,1
0.194935352,1,1,0.537859321,1,0.063251942,0.07676883,1,1,0.074702673,0.092545293,1,1,0.063182048,0.062617317,0.133914277,1,1,1,0.063244753,1,1,1,1,1,1,1,0.744095981,1,0.063042946,1,1,0.062999539,1,1,1,0.066450357,0.109643608,1,0.07196413,1,0.0669211,1,0.206068262,1,1,1,0.062712677,1,1,0.492774934,0.10483589,1,1,1,0.086491168,0.063899465,1,0.235467687,0.088930629,0.071702011,1,0.802716732,1,1,1,1,1,1,0.077124059,0.123281084,0.065746188,0.283630341,1,1,0.132046714,1,0.091018744,1,0.090077154,1,1,1,1,1,1,1,1,0.063869931,1,1,1,1,1,0.117249504,1,0.119429506,1,1,1
1,1,1,1,1,0.715613186,0.868529081,1,1,0.845163345,1,1,1,0.709906757,0.708433628,1,1,1,1,0.713218153,1,1,1,1,1,1,1,1,1,0.713249087,1,1,0.710151672,1,1,1,0.747072816,1,1,0.814180076,1,0.753320932,1,1,1,1,1,0.709512472,1,1,1,1,1,1,1,0.977460504,0.722928882,1,1,1,0.807993531,1,1,1,1,1,1,1,1,0.872540891,1,0.743674338,1,1,1,1,1,1,1,1,1,1,1,1,1,1,1,1,0.722316265,1,1,1,1,1,1,1,1,1,1,1
,,,,,,,,,,,,,,,,,,,,,,,,,,,,,,,,,,,,,,,,,,,,,,,,,,,,,,,,,,,,,,,,,,,,,,,,,,,,,,,,,,,,,,,,,,,,,,,,,,,
1,1,1,1,1,1,0.147545815,0.158444107,1,0.014955723,1,1,1,1,0.196393847,1,0.301376611,1,1,0.076260135,1,1,0.028806491,1,1,1,1,1,1,1,0.03807798,1,0.004300775,1,1,0.070930801,1,1,1,0.548591793,1,0.120431073,0.006551108,0.005850329,1,1,1,1,0.148877159,1,1,1,0.022512125,1,1,0.052582957,1,1,1,0.073377393,1,0.04536828,0.0020074,1,1,0.006758291,0.244119778,1,0.444098622,0.479074389,1,0.185272306,1,1,1,0.628806353,1,1,1,1,1,1,0.002621325,1,1,1,1,1,0.003048573,1,1,1,1,0.002674657,0.006605722,1,1,1,1,0.947690547
1,1,1,1,1,1,0.647606134,0.605260432,1,0.047567002,1,1,1,1,0.885938883,1,1,1,1,0.963530242,1,1,0.12293759,1,1,1,1,1,1,1,0.18881762,1,0.019321168,1,1,0.337995529,1,1,1,1,1,0.406252265,0.054119181,0.037345793,1,1,1,1,1,1,1,1,0.092000596,1,1,0.235154599,1,1,1,0.25271073,1,0.193822503,0.008229089,1,1,0.030382194,1,1,1,1,1,0.771275759,1,1,1,1,1,1,1,1,1,1,0.02915201,1,1,1,1,1,0.015409195,1,1,1,1,0.024219438,0.039548907,1,1,1,1,1
1,1,1,1,1,1,0.1200606,0.120014153,1,0.009879127,1,1,1,1,0.144795641,1,0.213177562,1,1,0.058261719,1,1,0.020081153,1,1,1,1,1,1,1,0.026640674,1,0.003387091,1,1,0.053040992,1,1,1,0.418739259,1,0.100203067,0.004326158,0.004510745,1,1,1,1,0.111215502,1,1,1,0.015276858,1,1,0.037097387,1,1,1,0.055514712,1,0.034652159,0.001508456,1,1,0.005214314,0.175186723,1,0.316332221,0.2869201,1,0.110335842,1,1,1,0.549395919,1,1,1,1,1,0.853794336,0.002220012,1,1,1,1,1,0.002150508,1,1,1,1,0.002288585,0.004764241,1,1,1,1,0.732804716
1,1,1,1,1,1,1,1,1,0.63039571,1,1,1,1,1,1,1,1,1,1,1,1,1,1,1,1,1,1,1,1,1,1,0.261684567,1,1,1,1,1,1,1,1,1,0.565580606,0.386744082,1,1,1,1,1,1,1,1,1,1,1,1,1,1,1,1,1,1,0.082097679,1,1,0.31450662,1,1,1,1,1,1,1,1,1,1,1,1,1,1,1,1,0.287360936,1,1,1,1,1,0.179994136,1,1,1,1,0.340329856,0.328467667,1,1,1,1,1
1,1,1,1,1,1,0.132783964,0.135661662,1,0.010771737,1,1,1,1,0.156788617,1,0.250367761,1,1,0.049526256,1,1,0.022390665,1,1,1,1,1,1,1,0.031952906,1,0.002994758,1,1,0.067630336,1,1,1,0.40930593,1,0.10253989,0.004993828,0.003734267,1,1,1,1,0.109763332,1,1,1,0.014952597,1,1,0.044529982,1,1,1,0.064711034,1,0.037128106,0.001684401,1,1,0.005249476,0.1940853,1,0.367862791,0.324623287,1,0.137291908,1,1,1,0.537572205,1,1,1,1,1,0.891596138,0.002632921,1,1,1,1,1,0.002239208,1,1,1,1,0.002246681,0.006062096,1,1,1,1,0.72947526
1,1,1,1,1,1,1,1,1,1,1,1,1,1,1,1,1,1,1,1,1,1,1,1,1,1,1,1,1,1,1,1,1,1,1,1,1,1,1,1,1,1,1,1,1,1,1,1,1,1,1,1,1,1,1,1,1,1,1,1,1,1,0.978103757,1,1,1,1,1,1,1,1,1,1,1,1,1,1,1,1,1,1,1,1,1,1,1,1,1,1,1,1,1,1,1,1,1,1,1,1,1
1,1,1,1,1,0.319404274,0.886333823,0.07710287,1,0.063018471,1,1,1,1,1,1,1,0.091626734,0.135172069,0.086982943,0.062518351,1,0.108089745,1,1,1,1,1,1,1,0.06746158,0.063052557,0.066800103,1,1,0.100846618,1,0.063543446,1,0.06258776,1,1,0.065593906,0.063857786,0.073300377,1,1,1,0.064835168,1,0.227108836,1,0.063303269,1,0.69617182,1,1,1,1,0.542864561,1,0.127689689,0.062773198,1,0.123413771,0.076630034,1,1,0.905177355,1,1,0.181077331,1,1,0.526311159,0.083488919,0.404432297,1,1,1,1,1,0.065144852,0.225266695,1,1,1,1,0.068390496,1,1,1,1,0.063937217,0.199279279,1,1,1,1,1
1,1,1,1,1,1,1,0.872168481,1,0.71078527,1,1,1,1,1,1,1,1,1,0.983918667,0.707313895,1,1,1,1,1,1,1,1,1,0.762691736,0.713357806,0.753113091,1,1,1,1,0.718911231,1,0.708071828,1,1,0.739301682,0.721601367,0.829298556,1,1,1,0.730666518,1,1,1,0.715267837,1,1,1,1,1,1,1,1,1,0.707113385,1,1,0.863720238,1,1,1,1,1,1,1,1,1,0.944518924,1,1,1,1,1,1,0.734761715,1,1,1,1,1,0.771542013,1,1,1,1,0.721769035,1,1,1,1,1,1
,,,,,,,,,,,,,,,,,,,,,,,,,,,,,,,,,,,,,,,,,,,,,,,,,,,,,,,,,,,,,,,,,,,,,,,,,,,,,,,,,,,,,,,,,,,,,,,,,,,
1,1,1,1,1,1,1,1,1,1,0.056479603,0.013557461,1,1,0.912412286,1,1,1,0.001486352,1,0.276615739,1,0.109424688,1,0.002794577,1,1,1,1,1,1,1,0.984503388,1,0.067173451,0.001608755,1,1,1,1,1,0.063793175,1,1,0.00824071,1,0.042258967,1,1,1,1,1,1,1,0.014231546,1,1,1,0.187937155,0.125128165,0.985477507,0.006766395,1,1,0.057367399,0.454816401,1,1,0.018557372,1,1,0.045262672,1,1,1,0.006710206,1,1,1,0.793495953,1,1,1,0.008066701,1,0.056726675,0.063346036,1,1,1,1,1,0.0381133,1,1,0.477140129,0.765208125,0.007016502,1,1
1,1,1,1,1,1,1,1,1,1,0.226581007,0.063367374,1,1,1,1,1,1,0.005371156,1,1,1,0.489597917,1,0.012641197,1,1,1,1,1,1,1,1,1,0.315415561,0.008984499,1,1,1,1,1,0.307865441,1,1,0.026668115,1,0.174148455,1,1,1,1,1,1,1,0.07050886,1,1,1,0.953742981,0.480957508,1,0.03390386,1,1,0.288470566,1,1,1,0.100693308,1,1,0.220996201,1,1,1,0.04559689,1,1,1,1,1,1,1,0.037485614,1,0.377281129,0.35908851,1,1,1,1,1,0.186011016,1,1,1,1,0.024374938,1,1
1,1,1,1,1,1,1,1,1,1,0.0449978,0.011872185,1,1,0.578920066,1,1,1,0.001018997,1,0.174217388,1,0.086557113,1,0.001986762,1,1,1,1,1,1,1,0.776876092,1,0.048764467,0.00134352,1,1,1,1,1,0.04254346,1,1,0.005929955,1,0.026776399,1,1,1,1,1,1,1,0.010229873,1,1,1,0.132669628,0.091904595,0.636371791,0.00570382,1,1,0.04594351,0.420196831,0.930856526,1,0.014191113,1,1,0.032147132,1,1,1,0.004718682,1,1,1,0.576867342,1,1,1,0.00549147,1,0.037446178,0.050887771,1,1,1,1,1,0.032164838,1,1,0.329962373,0.550208211,0.005231845,1,1
1,1,1,1,1,1,1,1,1,1,1,0.835430861,1,1,1,1,1,1,0.064101525,1,1,1,1,1,0.135957316,1,1,1,1,1,1,1,1,1,1,0.106934622,1,1,1,1,1,1,1,1,0.351490766,1,1,1,1,1,1,1,1,1,0.858985543,1,1,1,1,1,1,0.468357563,1,1,1,1,1,1,1,1,1,1,1,1,1,0.519439816,1,1,1,1,1,1,1,0.416375488,1,1,1,1,1,1,1,1,1,1,1,1,1,0.310190827,1,1
1,1,1,1,1,1,1,1,1,1,0.046319176,0.011380788,1,1,0.679339767,1,1,1,0.001066433,1,0.188853845,1,0.084756538,1,0.002025258,1,1,1,1,1,1,1,0.772652686,1,0.049295355,0.00134434,1,1,1,1,1,0.038747568,1,1,0.006271776,1,0.02963913,1,1,1,1,1,1,1,0.009460774,1,1,1,0.149048164,0.101126641,0.743962467,0.005330389,1,1,0.046124145,0.351179719,0.905955791,1,0.014195158,1,1,0.033330303,1,1,1,0.0045908,1,1,1,0.591551006,1,1,1,0.005323408,1,0.037273493,0.048510443,1,1,1,1,1,0.034629047,1,1,0.352577716,0.609718859,0.004608293,1,1
1,1,1,1,1,1,1,1,1,1,1,1,1,1,1,1,1,1,0.892722666,1,1,1,1,1,1,1,1,1,1,1,1,1,1,1,1,1,1,1,1,1,1,1,1,1,1,1,1,1,1,1,1,1,1,1,1,1,1,1,1,1,1,1,1,1,1,1,1,1,1,1,1,1,1,1,1,1,1,1,1,1,1,1,1,1,1,1,1,1,1,1,1,1,1,1,1,1,1,1,1,1
1,1,1,1,1,1,1,1,1,1,1,0.187070742,1,1,1,1,1,1,0.063650377,1,0.198727608,0.063492239,0.773186564,1,0.066053063,0.064167619,1,1,1,1,1,1,0.131621435,1,0.781243205,0.0627646,0.263497591,1,1,0.062685132,1,0.071429551,1,0.699129701,0.069268502,1,0.21791929,1,1,1,1,1,1,0.069705665,0.077723533,0.083223403,1,0.067180134,1,0.189551055,1,0.062943533,0.133604705,1,0.064970873,0.074227706,1,0.783167541,0.068282276,1,1,0.095495887,0.534648597,1,1,0.065949969,1,1,1,1,1,1,1,0.062554799,1,0.88342464,0.584754765,1,1,0.087192528,0.138552442,0.073650338,1,1,1,0.07045839,1,0.064608552,1,0.063010573
1,1,1,1,1,1,1,1,1,1,1,1,1,1,1,1,1,1,0.715451002,1,1,0.718332112,1,1,0.745813906,0.725973248,1,1,1,1,1,1,1,1,1,0.707867146,1,1,1,0.709200859,1,0.807916284,1,1,0.780941486,1,1,1,1,1,1,1,1,0.788628638,0.87810111,0.941564381,1,0.7600559,1,1,1,0.711530626,1,1,0.734861791,0.839768231,1,1,0.772034049,1,1,1,1,1,1,0.745708227,1,1,1,1,1,1,1,0.707124352,1,1,1,1,1,0.986469924,1,0.83325696,1,1,1,0.79712069,1,0.727890611,1,0.712882757
,,,,,,,,,,,,,,,,,,,,,,,,,,,,,,,,,,,,,,,,,,,,,,,,,,,,,,,,,,,,,,,,,,,,,,,,,,,,,,,,,,,,,,,,,,,,,,,,,,,
1,1,1,0.01307455,0.268673718,1,1,1,1,1,1,1,1,1,1,1,1,0.600358129,1,0.013791417,0.014298248,1,1,1,1,1,0.028338458,1,1,1,1,1,0.208063737,1,1,1,0.133530483,1,0.118558399,0.020004714,0.013629543,0.061743803,1,1,0.050879031,1,1,1,1,1,1,0.122154221,1,1,1,0.520570457,1,1,1,1,1,1,1,1,0.014118016,1,1,0.009433024,1,1,1,1,1,0.01371787,1,0.001218532,1,1,1,1,1,1,1,1,1,1,1,1,0.005006734,1,1,0.011771881,1,1,1,1,1,1,1,1
1,1,1,0.081338339,1,1,1,1,1,1,1,1,1,1,1,1,1,1,1,0.063780047,0.068310216,1,1,1,1,1,0.121765412,1,1,1,1,1,0.697140932,1,1,1,0.830480397,1,0.749515176,0.052371144,0.057819199,0.198909253,1,1,0.29618451,1,1,1,1,1,1,0.539984465,1,1,1,1,1,1,1,1,1,1,1,1,0.048142884,1,1,0.049766738,1,1,1,1,1,0.05648531,1,0.004744764,1,1,1,1,1,1,1,1,1,1,1,1,0.036576007,1,1,0.057385515,1,1,1,1,1,1,1,1
1,1,1,0.009446992,0.214704126,1,1,1,1,1,1,1,1,1,1,1,1,0.473064661,1,0.010877242,0.012621026,1,1,1,1,1,0.024691725,1,1,1,1,1,0.146125019,1,1,1,0.097443089,1,0.095318832,0.014933051,0.010911596,0.047637574,1,1,0.038787905,1,1,1,1,1,1,0.093101047,1,1,1,0.390209615,1,1,1,1,1,1,1,1,0.011559617,1,1,0.007299297,1,1,1,1,1,0.009981316,1,0.000876192,1,1,1,1,1,1,1,1,1,1,1,1,0.003696766,0.948044538,1,0.008914364,1,1,1,1,1,1,1,1
1,1,1,1,1,1,1,1,1,1,1,1,1,1,1,1,1,1,1,0.919296563,0.962062836,1,1,1,1,1,1,1,1,1,1,1,1,1,1,1,1,1,1,0.819656193,0.733911574,1,1,1,1,1,1,1,1,1,1,1,1,1,1,1,1,1,1,1,1,1,1,1,0.762442946,1,1,0.563948393,1,1,1,1,1,0.713526368,1,0.054083064,1,1,1,1,1,1,1,1,1,1,1,1,0.541810095,1,1,0.696088314,1,1,1,1,1,1,1,1
1,1,1,0.008207725,0.201307997,1,1,1,1,1,1,1,1,1,1,1,1,0.442363501,1,0.008598779,0.012736097,1,1,1,1,1,0.027007116,1,1,1,1,1,0.152870908,1,1,1,0.086884037,1,0.096219607,0.015378702,0.011445764,0.057361253,1,1,0.036622692,1,1,1,1,1,1,0.08880011,1,1,1,0.380501509,1,1,1,1,1,1,1,1,0.012586634,1,1,0.007682387,1,1,1,1,1,0.012244396,1,0.0009674,1,1,1,1,1,1,1,1,1,1,1,1,0.003521584,0.864114702,1,0.009569518,1,1,1,1,1,1,1,1
1,1,1,1,1,1,1,1,1,1,1,1,1,1,1,1,1,1,1,1,1,1,1,1,1,1,1,1,1,1,1,1,1,1,1,1,1,1,1,1,1,1,1,1,1,1,1,1,1,1,1,1,1,1,1,1,1,1,1,1,1,1,1,1,1,1,1,1,1,1,1,1,1,1,1,0.688716233,1,1,1,1,1,1,1,1,1,1,1,1,1,1,1,1,1,1,1,1,1,1,1,1
1,1,1,0.062828258,1,1,1,1,1,1,1,1,0.34803921,1,1,0.067053832,0.06256,1,0.081599623,0.10088063,0.070636034,1,1,0.094777152,0.065959901,0.417984217,0.097953483,1,1,1,1,1,0.082280755,1,1,1,0.085535482,1,0.101949349,0.109073438,0.067288473,0.065514788,1,1,0.075161852,1,0.870892048,1,1,1,0.071459562,0.229343399,1,1,1,0.063394077,1,1,1,0.26421845,0.064604148,1,1,1,0.073047698,1,0.064013749,0.129990518,1,1,1,0.291323185,1,0.09857557,1,0.066476427,1,1,0.106715374,1,1,1,0.063614346,1,0.075747952,1,1,1,0.069489941,1,1,0.068354227,0.063962363,1,1,1,1,1,1,1
1,1,1,0.710221231,1,1,1,1,1,1,1,1,1,1,1,0.758626878,0.707784474,1,0.923193336,1,0.798632622,1,1,1,0.746250629,1,1,1,1,1,1,1,0.930819929,1,1,1,0.967603445,1,1,1,0.760917783,0.741119385,1,1,0.850210845,1,1,1,1,1,0.808471084,1,1,1,1,0.716845036,1,1,1,1,0.730911791,1,1,1,0.82551676,1,0.724232495,1,1,1,1,1,1,1,1,0.746171296,1,1,1,1,1,1,0.719713628,1,0.856989563,1,1,1,0.784807324,1,1,0.773001313,0.723651052,1,1,1,1,1,1,1
,,,,,,,,,,,,,,,,,,,,,,,,,,,,,,,,,,,,,,,,,,,,,,,,,,,,,,,,,,,,,,,,,,,,,,,,,,,,,,,,,,,,,,,,,,,,,,,,,,,
1,0.813579798,1,0.053621825,1,1,0.928187311,1,1,1,1,0.193698481,1,1,0.002813558,0.549880505,1,1,1,1,0.102177158,0.00890055,1,1,0.003757295,1,1,1,0.040990725,1,1,0.026430991,1,1,1,1,1,1,1,1,0.055734545,0.002304336,1,1,1,0.214087471,1,1,1,1,1,1,1,0.628508449,1,1,1,1,0.002619551,1,1,1,1,1,1,1,1,1,1,0.017499186,1,1,1,1,1,1,1,1,1,0.385557741,1,0.29193005,1,1,1,1,1,1,1,0.020554561,1,1,1,0.267031521,1,1,0.149319708,1,1,1
1,1,1,0.229296774,1,1,1,1,1,1,1,1,1,1,0.010724762,1,1,1,1,1,0.616512597,0.036314465,1,1,0.015960559,1,1,1,0.197879717,1,1,0.220279887,1,1,1,1,1,1,1,1,0.215618178,0.01397818,1,1,1,0.787519693,1,1,1,1,1,1,1,1,1,1,1,1,0.011626223,1,1,1,1,1,1,1,1,1,1,0.072777011,1,1,1,1,1,1,1,1,1,1,1,0.983150959,1,1,1,1,1,1,1,0.136927038,1,1,1,1,1,1,0.513354182,1,1,1
1,0.643680632,1,0.032744411,1,1,0.641609848,1,1,1,1,0.158021018,1,1,0.00215268,0.393732905,1,1,1,1,0.080526218,0.006226631,1,1,0.002813109,1,1,1,0.025678799,1,1,0.0194651,1,1,1,1,1,1,1,0.890398383,0.042607363,0.001654049,1,1,1,0.177076757,1,1,1,1,1,1,1,0.511240542,1,1,1,1,0.001847629,1,1,1,1,1,1,1,1,1,1,0.013127481,1,1,1,1,1,1,1,1,1,0.282656819,1,0.21817933,0.94347322,1,1,1,1,1,1,0.015244421,1,0.753782392,1,0.198852241,1,1,0.117845371,1,1,1
1,1,1,1,1,1,1,1,1,1,1,1,1,1,0.149126843,1,1,1,1,1,1,0.541677058,1,1,0.22804983,1,1,1,1,1,1,1,1,1,1,1,1,1,1,1,1,0.150523588,1,1,1,1,1,1,1,1,1,1,1,1,1,1,1,1,0.135445461,1,1,1,1,1,1,1,1,1,1,0.869283915,1,1,1,1,1,1,1,1,1,1,1,1,1,1,1,1,1,1,1,1,1,1,1,1,1,1,1,1,1,1
1,0.682221413,1,0.038722422,1,1,0.69108206,1,1,1,1,0.141512796,1,1,0.002152373,0.393473923,1,1,1,1,0.070220731,0.006498246,1,1,0.002915994,1,1,1,0.03115122,1,1,0.018023331,1,1,1,1,1,1,1,0.900461078,0.044653837,0.001948541,1,1,1,0.19060652,1,1,1,1,1,1,1,0.506313682,1,1,1,1,0.001954975,1,1,1,1,1,1,1,1,1,1,0.014607225,1,1,1,1,1,1,1,1,1,0.33245188,1,0.256498367,0.898586214,1,1,1,1,1,1,0.013374182,1,0.899344027,1,0.211197302,1,1,0.142542839,1,1,1
1,1,1,1,1,1,1,1,1,1,1,1,1,1,1,1,1,1,1,1,1,1,1,1,1,1,1,1,1,1,1,1,1,1,1,1,1,1,1,1,1,1,1,1,1,1,1,1,1,1,1,1,1,1,1,1,1,1,1,1,1,1,1,1,1,1,1,1,1,1,1,1,1,1,1,1,1,1,1,1,1,1,1,1,1,1,1,1,1,1,1,1,1,1,1,1,1,1,1,1
0.895615995,0.214160666,1,0.129385769,0.0629071,1,1,0.329745471,1,1,1,1,1,1,0.180867404,1,1,1,1,1,0.062571816,0.388877213,1,1,0.071987092,1,1,1,0.585107982,1,1,0.110315166,1,1,1,1,1,1,1,1,0.322885692,0.07115116,1,1,1,0.062577747,1,0.506442666,1,1,1,1,1,0.824720085,1,1,1,1,0.076198764,0.082250297,1,1,1,1,0.158562705,1,1,0.10055802,1,0.103822604,1,1,1,1,0.091966033,1,0.064265542,1,1,0.075825378,1,0.073325314,1,0.765456557,1,1,1,0.064680681,1,0.075095914,1,0.104424894,1,0.112971947,1,0.063934214,0.609149814,1,1,0.070704073
1,1,1,1,0.71170938,1,1,1,1,1,1,1,1,1,1,1,1,1,1,1,0.707473814,1,1,1,0.811392725,1,1,1,1,1,1,1,1,1,1,1,1,1,1,1,1,0.802509964,1,1,1,0.707942665,1,1,1,1,1,1,1,1,1,1,1,1,0.858769238,0.930555105,1,1,1,1,1,1,1,1,1,1,1,1,1,1,1,1,0.72708118,1,1,0.857854187,1,0.829560161,1,1,1,1,1,0.731777906,1,0.849362075,1,1,1,1,1,0.723332167,1,1,1,0.799924612
